{
  "users": {
    "columns": [
      "id",
      "uuid",
      "email",
      "username",
      "full_name",
      "hashed_password",
      "is_active",
      "is_verified",
      "is_admin",
      "created_at",
      "updated_at",
      "last_login",
      "avatar_url",
      "bio",
      "language",
      "timezone"
    ],
    "rows": [
      [
        1,
        "cc097b78-feb9-448b-81c3-8cbcb46e7a45",
        "admin@tecnocursos.ai",
        "admin",
        "Administrador",
        "$2b$12$320jggtLXLGFVFKZU1jGU.fg/ky9.aTK4okOggq9HAKFde/Fdg9uK",
        1,
        0,
        1,
        "2025-07-16 14:35:17",
        "2025-07-16 14:57:25",
        "2025-07-16 14:57:25.132880",
        null,
        null,
        "pt-BR",
        "America/Sao_Paulo"
      ],
      [
        2,
        "ee519db4-86c5-48da-886b-81194a33d24f",
        "teste@tecnocursos.ai",
        "usuario_teste",
        "Usuário de Teste",
        "$2b$12$IFU0jKvXhFmqIRL.dga1beFP0uILCbOVIQk8CfraK/yEzu12qKR26",
        1,
        1,
        0,
        "2025-07-18 01:57:14",
        "2025-07-19 03:38:46",
        "2025-07-19 03:38:46.250860",
        null,
        null,
        "pt-BR",
        "America/Sao_Paulo"
      ]
    ]
  },
  "projects": {
    "columns": [
      "id",
      "uuid",
      "name",
      "description",
      "slug",
      "status",
      "is_public",
      "category",
      "tags",
      "difficulty_level",
      "estimated_duration",
      "owner_id",
      "created_at",
      "updated_at",
      "total_files",
      "total_videos",
      "total_views"
    ],
    "rows": [
      [
        1,
        "b7f470db-c582-48df-827e-7928b1e708e5",
        "Projeto Teste - Cenas e Assets",
        "Projeto para testar o sistema de múltiplas cenas e assets",
        "projeto-teste-cenas-assets",
        "draft",
        0,
        "teste",
        null,
        "beginner",
        30,
        2,
        "2025-07-18 01:57:14",
        null,
        0,
        0,
        0
      ]
    ]
  },
  "api_keys": {
    "columns": [
      "id",
      "name",
      "key_hash",
      "user_id",
      "scopes",
      "is_active",
      "rate_limit",
      "created_at",
      "last_used",
      "expires_at"
    ],
    "rows": []
  },
  "file_uploads": {
    "columns": [
      "id",
      "uuid",
      "filename",
      "original_filename",
      "file_path",
      "file_size",
      "file_type",
      "mime_type",
      "file_hash",
      "status",
      "processing_progress",
      "error_message",
      "page_count",
      "text_content",
      "metadata_json",
      "user_id",
      "project_id",
      "uploaded_at",
      "processed_at"
    ],
    "rows": []
  },
  "videos": {
    "columns": [
      "id",
      "uuid",
      "title",
      "description",
      "filename",
      "file_path",
      "file_size",
      "duration",
      "resolution",
      "fps",
      "bitrate",
      "format",
      "status",
      "generation_progress",
      "error_message",
      "voice_type",
      "background_music",
      "include_captions",
      "project_id",
      "source_file_id",
      "created_at",
      "completed_at",
      "view_count",
      "download_count"
    ],
    "rows": []
  },
  "alembic_version": {
    "columns": [
      "version_num"
    ],
    "rows": [
      [
        "003_add_scenes_assets"
      ]
    ]
  },
  "audios": {
    "columns": [
      "id",
      "uuid",
      "title",
      "description",
      "filename",
      "file_path",
      "file_size",
      "duration",
      "format",
      "bitrate",
      "sample_rate",
      "extracted_text",
      "text_length",
      "tts_provider",
      "voice_type",
      "voice_config",
      "status",
      "generation_progress",
      "error_message",
      "processing_time",
      "cache_hit",
      "user_id",
      "source_file_id",
      "created_at",
      "completed_at",
      "download_count",
      "play_count"
    ],
    "rows": []
  },
  "scenes": {
    "columns": [
      "id",
      "uuid",
      "project_id",
      "name",
      "ordem",
      "texto",
      "duracao",
      "background_color",
      "background_type",
      "background_config",
      "transition_in",
      "transition_out",
      "transition_duration",
      "is_active",
      "notes",
      "created_at",
      "updated_at"
    ],
    "rows": [
      [
        1,
        "c9e22d98-c33c-40c4-b5ea-8d79f1faef11",
        1,
        "Cena 1 - Introdução",
        1,
        "Bem-vindos ao nosso curso! Nesta primeira cena, vamos introduzir os conceitos básicos.",
        8.0,
        "#3498db",
        "solid",
        null,
        "fade",
        "fade",
        0.5,
        1,
        null,
        "2025-07-18 01:57:14",
        null
      ],
      [
        2,
        "859fc221-fe1b-4e03-91d3-936cb91f7c94",
        1,
        "Cena 2 - Conteúdo Principal",
        2,
        "Agora vamos mergulhar no conteúdo principal do curso com exemplos práticos.",
        12.0,
        "#2ecc71",
        "gradient",
        "{\"gradient\": \"linear\", \"colors\": [\"#2ecc71\", \"#27ae60\"]}",
        "fade",
        "fade",
        0.5,
        1,
        null,
        "2025-07-18 01:57:14",
        null
      ],
      [
        3,
        "72b83181-46b5-4666-896a-c5d5a8773d88",
        1,
        "Cena 3 - Conclusão",
        3,
        "Para finalizar, vamos revisar tudo que aprendemos e dar os próximos passos.",
        6.0,
        "#e74c3c",
        "solid",
        null,
        "slideIn",
        "fadeOut",
        0.5,
        1,
        null,
        "2025-07-18 01:57:14",
        null
      ]
    ]
  },
  "assets": {
    "columns": [
      "id",
      "uuid",
      "scene_id",
      "name",
      "tipo",
      "caminho_arquivo",
      "url_external",
      "posicao_x",
      "posicao_y",
      "escala",
      "rotacao",
      "opacidade",
      "camada",
      "largura",
      "altura",
      "config_json",
      "volume",
      "loop",
      "fade_in",
      "fade_out",
      "texto_conteudo",
      "fonte_familia",
      "fonte_tamanho",
      "fonte_cor",
      "texto_alinhamento",
      "animacao_tipo",
      "animacao_duracao",
      "animacao_delay",
      "animacao_config",
      "is_active",
      "is_locked",
      "description",
      "created_at",
      "updated_at"
    ],
    "rows": [
      [
        1,
        "a471890b-472e-4010-b251-865535d00a0b",
        1,
        "Professor Avatar",
        "character",
        null,
        null,
        0.7,
        0.3,
        1.2,
        0.0,
        1.0,
        2,
        null,
        null,
        "{\"avatar_style\": \"professional\", \"emotion\": \"happy\", \"gestures\": [\"wave\", \"point\"], \"clothing\": \"business_suit\", \"accessories\": [\"glasses\"], \"speech_config\": {\"speed\": 1.0, \"pitch\": 0.8, \"volume\": 0.9}}",
        1.0,
        0,
        0.0,
        0.0,
        null,
        null,
        null,
        null,
        "center",
        "fadeIn",
        1.0,
        0.0,
        null,
        1,
        0,
        null,
        "2025-07-18 01:57:14",
        "2025-07-18 01:57:14"
      ],
      [
        2,
        "f27196eb-94e0-4273-9218-a7edf4c6a3a1",
        1,
        "Título da Apresentação",
        "text",
        null,
        null,
        0.2,
        0.1,
        1.0,
        0.0,
        1.0,
        3,
        null,
        null,
        null,
        1.0,
        0,
        0.0,
        0.0,
        "Curso Avançado de Python",
        "Arial",
        48.0,
        "#ffffff",
        "center",
        null,
        0.0,
        0.0,
        null,
        1,
        0,
        null,
        "2025-07-18 01:57:14",
        null
      ],
      [
        3,
        "45da1f9d-c830-4e76-8efe-39df11bd84b1",
        1,
        "Música de Fundo",
        "music",
        null,
        null,
        0.0,
        0.0,
        1.0,
        0.0,
        1.0,
        1,
        null,
        null,
        null,
        0.3,
        1,
        2.0,
        0.0,
        null,
        null,
        null,
        null,
        "center",
        null,
        0.0,
        0.0,
        null,
        1,
        0,
        null,
        "2025-07-18 01:57:14",
        null
      ],
      [
        4,
        "3e3e984b-a85a-4873-a58a-37b1e83dbeb7",
        2,
        "Quadro Interativo",
        "background",
        null,
        null,
        0.0,
        0.0,
        1.0,
        0.0,
        1.0,
        1,
        null,
        null,
        null,
        1.0,
        0,
        0.0,
        0.0,
        null,
        null,
        null,
        null,
        "center",
        null,
        0.0,
        0.0,
        null,
        1,
        0,
        null,
        "2025-07-18 01:57:14",
        null
      ],
      [
        5,
        "04c86c27-4409-40f6-b5f5-82d74d1a0ec7",
        2,
        "Estudante Avatar",
        "character",
        null,
        null,
        0.1,
        0.4,
        1.0,
        0.0,
        1.0,
        2,
        null,
        null,
        null,
        1.0,
        0,
        0.0,
        0.0,
        null,
        null,
        null,
        null,
        "center",
        null,
        0.0,
        0.0,
        null,
        1,
        0,
        null,
        "2025-07-18 01:57:14",
        null
      ],
      [
        6,
        "70d8b831-eae6-4fad-b0cc-62160cc6972a",
        2,
        "Código de Exemplo",
        "image",
        null,
        null,
        0.5,
        0.2,
        0.8,
        0.0,
        1.0,
        3,
        null,
        null,
        null,
        1.0,
        0,
        0.0,
        0.0,
        null,
        null,
        null,
        null,
        "center",
        "slideIn",
        0.8,
        1.0,
        null,
        1,
        0,
        null,
        "2025-07-18 01:57:14",
        null
      ],
      [
        7,
        "c8cfcc5f-3bc5-436f-ade4-3733f205b913",
        3,
        "Certificado",
        "image",
        null,
        null,
        0.3,
        0.2,
        1.1,
        0.0,
        1.0,
        2,
        null,
        null,
        null,
        1.0,
        0,
        0.0,
        0.0,
        null,
        null,
        null,
        null,
        "center",
        "zoomIn",
        1.5,
        0.0,
        null,
        1,
        0,
        null,
        "2025-07-18 01:57:14",
        null
      ],
      [
        8,
        "35c64dc1-cd4b-48e9-b680-c1dd8625f2b6",
        3,
        "Texto de Conclusão",
        "text",
        null,
        null,
        0.2,
        0.8,
        1.0,
        0.0,
        1.0,
        3,
        null,
        null,
        null,
        1.0,
        0,
        0.0,
        0.0,
        "Parabéns! Você concluiu o curso.",
        "Georgia",
        32.0,
        "#ffffff",
        "center",
        null,
        0.0,
        0.0,
        null,
        1,
        0,
        null,
        "2025-07-18 01:57:14",
        null
      ],
      [
        9,
        "f0a3c002-8b2d-4fa9-94fe-beaa17c1bd25",
        3,
        "Efeito Sonoro Aplausos",
        "sound_effect",
        null,
        null,
        0.0,
        0.0,
        1.0,
        0.0,
        1.0,
        1,
        null,
        null,
        null,
        0.8,
        0,
        0.0,
        0.0,
        null,
        null,
        null,
        null,
        "center",
        null,
        0.0,
        2.0,
        null,
        1,
        0,
        null,
        "2025-07-18 01:57:14",
        null
      ]
    ]
  },
  "scene_templates": {
    "columns": [
      "id",
      "uuid",
      "name",
      "description",
      "category",
      "style",
      "aspect_ratio",
      "resolution",
      "background_type",
      "background_config",
      "layout_type",
      "layout_config",
      "template_data",
      "default_assets",
      "is_public",
      "is_premium",
      "is_featured",
      "tags",
      "created_by",
      "usage_count",
      "rating_avg",
      "rating_count",
      "created_at",
      "updated_at"
    ],
    "rows": []
  },
  "asset_ratings": {
    "columns": [
      "id",
      "asset_id",
      "user_id",
      "rating",
      "comment",
      "created_at",
      "updated_at"
    ],
    "rows": []
  },
  "scene_comments": {
    "columns": [
      "id",
      "uuid",
      "scene_id",
      "user_id",
      "parent_comment_id",
      "content",
      "comment_type",
      "position_x",
      "position_y",
      "is_resolved",
      "is_important",
      "created_at",
      "updated_at"
    ],
    "rows": []
  },
  "_alembic_tmp_scenes": {
    "columns": [
      "id",
      "uuid",
      "project_id",
      "name",
      "ordem",
      "texto",
      "duracao",
      "background_color",
      "background_type",
      "background_config",
      "transition_in",
      "transition_out",
      "transition_duration",
      "is_active",
      "notes",
      "created_at",
      "updated_at",
      "template_id",
      "template_version",
      "style_preset",
      "background_asset_id",
      "layout_type",
      "layout_config",
      "aspect_ratio",
      "resolution",
      "transition_config",
      "audio_track_id",
      "background_music_id",
      "audio_volume",
      "music_volume",
      "animation_preset",
      "animation_config",
      "entrance_animation",
      "exit_animation",
      "version",
      "parent_scene_id",
      "is_template",
      "is_public_template",
      "created_by",
      "last_modified_by",
      "is_locked",
      "tags",
      "custom_properties",
      "view_count",
      "render_count",
      "last_rendered",
      "render_time_avg"
    ],
    "rows": []
  }
}